Region,LagValue,R2,MSE
Netherlands,8,0.8729977559697183,1.4514542174889367e-05
Europe-Central Asia,8,-5.40556474044332,0.005133691491146221
